"link_number","url","domain"
1,"https://www.3m.com/3M/en_US/plant-locations-us/","www.3m.com"
2,"https://www.3m.com/3M/en_US/plant-locations-us/alexandria/","www.3m.com"
3,"https://www.3m.com/3M/en_US/plant-locations-us/brookings/","www.3m.com"
4,"https://www.3m.com/3M/en_US/plant-locations-us/brownwood/","www.3m.com"
5,"https://www.3m.com/3M/en_US/plant-locations-us/camarillo/","www.3m.com"
6,"https://www.3m.com/3M/en_US/plant-locations-us/columbia/","www.3m.com"
7,"https://www.3m.com/3M/en_US/plant-locations-us/cordova/","www.3m.com"
8,"https://www.3m.com/3M/en_US/plant-locations-us/cottagegrove/","www.3m.com"
9,"https://www.3m.com/3M/en_US/plant-locations-us/cynthiana/","www.3m.com"
10,"https://www.3m.com/3M/en_US/plant-locations-us/decatur/","www.3m.com"
11,"https://www.3m.com/3M/en_US/plant-locations-us/fairmont/","www.3m.com"
12,"https://www.3m.com/3M/en_US/plant-locations-us/greenville/","www.3m.com"
13,"https://www.3m.com/3M/en_US/plant-locations-us/hutchinson/","www.3m.com"
14,"https://www.3m.com/3M/en_US/plant-locations-us/knoxville/","www.3m.com"
15,"https://www.3m.com/3M/en_US/plant-locations-us/littlerock/","www.3m.com"
16,"https://www.3m.com/3M/en_US/plant-locations-us/maplewood/","www.3m.com"
17,"https://www.3m.com/3M/en_US/plant-locations-us/menomonie/","www.3m.com"
18,"https://www.3m.com/3M/en_US/plant-locations-us/newulm/","www.3m.com"
19,"https://www.3m.com/3M/en_US/plant-locations-us/prairie/","www.3m.com"
20,"https://www.3m.com/3M/en_US/plant-locations-us/springfield/","www.3m.com"
21,"https://www.3m.com/3M/en_US/plant-locations-us/valley/","www.3m.com"
22,"https://www.3m.com/3M/en_US/plant-locations-us/weatherford/","www.3m.com"
23,"https://www.3m.com/3M/en_US/company-us/","www.3m.com"
24,"https://www.3m.com/3M/en_US/about-3m/","www.3m.com"
25,"https://www.3m.com/3M/en_US/careers-us/","www.3m.com"
