"url","text"
"#js-gsnMenu","Go to US Navigation"
"#ssnMenu","Go to 3M Plant Locations Navigation"
"#pageContent","Go to Page Content"
"#js-searchBar","Go to Search"
"#help--links","Go to Contact Information"
"/3M/en_US/company-us/site-map/","Go to Site Map"
"https://www.3m.com/",""
"#",""
"#","Account"
"https://www.3m.com/my3M/en_US/plant-locations-us/","Sign In"
"https://order.3m.com/store/bComUSSite/en_US/login","Sign in to bCom"
"#","Account"
"#","US - EN"
"#","Products"
"#","Industries"
"/3M/en_US/company-us/our-brands/","Brands"
"/3M/en_US/select-location/","Change 3M Location"
"/3M/en_US/p/c/abrasives/","Abrasives"
"/3M/en_US/p/c/adhesives/","Adhesives, Sealants & Fillers"
"/3M/en_US/p/c/advanced-materials/","Advanced Materials"
"/3M/en_US/p/c/automotive-parts-hardware/","Automotive Parts & Hardware"
"/3M/en_US/p/c/building-materials/","Building Materials"
"/3M/en_US/p/c/cleaning-supplies/","Cleaning Supplies"
"/3M/en_US/p/c/coatings/","Coatings"
"/3M/en_US/p/c/compounds-polishes/","Compounds & Polishes"
"/3M/en_US/p/c/electrical/","Electrical"
"/3M/en_US/p/c/electronics-components/","Electronics Materials & Components"
"/3M/en_US/p/c/films-sheeting/","Films & Sheeting"
"/3M/en_US/p/c/filtration-separation/","Filtration & Separation"
"/3M/en_US/p/c/home/","Home"
"/3M/en_US/p/c/insulation/","Insulation"
"/3M/en_US/p/c/lab-supplies-testing/","Lab Supplies & Testing"
"/3M/en_US/p/c/labels/","Labels"
"/3M/en_US/p/c/lubricants/","Lubricants"
"/3M/en_US/p/c/medical/","Medical"
"/3M/en_US/p/c/office-supplies/","Office Supplies"
"/3M/en_US/p/c/ppe/","Personal Protective Equipment"
"/3M/en_US/p/c/signage-marking/","Signage & Marking"
"/3M/en_US/p/c/tapes/","Tapes"
"/3M/en_US/p/c/tools-equipment/","Tools & Equipment"
"/3M/en_US/p/","View all 3M products"
"/3M/en_US/automotive-us/","Automotive"
"/3M/en_US/commercial-solutions-us/","Commercial Solutions"
"/3M/en_US/consumer-us/","Consumer Markets"
"/3M/en_US/design-construction-us/","Design & Construction"
"/3M/en_US/electronics-us/","Electronics"
"/3M/en_US/energy-us/","Energy"
"/3M/en_US/government-us/","Government"
"/3M/en_US/manufacturing-us/","Manufacturing"
"/3M/en_US/safety-us/","Safety"
"/3M/en_US/transportation-us/","Transportation"
"/3M/en_US/company-us/","3M United States"
"/3M/en_US/company-us/about-3m/","About 3M"
"/3M/en_US/plant-locations-us/decatur/","Decatur"
"/3M/en_US/plant-locations-us/guin/","Guin"
"/3M/en_US/plant-locations-us/littlerock/","Little Rock"
"/3M/en_US/plant-locations-us/corona/","Corona"
"/3M/en_US/plant-locations-us/irvine/","Irvine"
"/3M/en_US/plant-locations-us/monrovia/","Monrovia"
"/3M/en_US/plant-locations-us/northridge/","Northridge"
"/3M/en_US/plant-locations-us/newark/","Newark"
"/3M/en_US/plant-locations-us/cordova/","Cordova"
"/3M/en_US/plant-locations-us/dekalb/","DeKalb"
"/3M/en_US/plant-locations-us/hartfordcity/","Hartford City"
"/3M/en_US/plant-locations-us/indianapolis/","Indianapolis"
"/3M/en_US/plant-locations-us/ames/","Ames"
"/3M/en_US/plant-locations-us/knoxville/","Knoxville"
"/3M/en_US/plant-locations-us/cynthiana/","Cynthiana"
"/3M/en_US/plant-locations-us/chelmsford/","Chelmsford"
"/3M/en_US/plant-locations-us/methuen/","Methuen"
"/3M/en_US/plant-locations-us/detroit/","Detroit"
"/3M/en_US/plant-locations-us/alexandria/","Alexandria"
"/3M/en_US/plant-locations-us/cottagegrove/","Cottage Grove"
"/3M/en_US/plant-locations-us/fairmont/","Fairmont"
"/3M/en_US/plant-locations-us/hutchinson/","Hutchinson"
"/3M/en_US/plant-locations-us/new-ulm/","New Ulm"
"/3M/en_US/plant-locations-us/columbia/","Columbia"
"/3M/en_US/plant-locations-us/nevada/","Nevada"
"/3M/en_US/plant-locations-us/springfield/","Springfield"
"/3M/en_US/plant-locations-us/valley/","Valley"
"/3M/en_US/plant-locations-us/flemington/","Flemington"
"/3M/en_US/plant-locations-us/tonawanda/","Tonawanda"
"/3M/en_US/plant-locations-us/pittsboro/","Pittsboro"
"/3M/en_US/plant-locations-us/medina/","Medina"
"/3M/en_US/plant-locations-us/greenville/","Greenville"
"/3M/en_US/plant-locations-us/aberdeen/","Aberdeen"
"/3M/en_US/plant-locations-us/brookings/","Brookings"
"/3M/en_US/plant-locations-us/angleton/","Angleton"
"/3M/en_US/plant-locations-us/brownwood/","Brownwood"
"/3M/en_US/plant-locations-us/cumberland/","Cumberland"
"/3M/en_US/plant-locations-us/menomonie/","Menomonie"
"/3M/en_US/plant-locations-us/prairieduchien/","Prairie du Chien"
"/3M/en_US/plant-locations-us/wausau/","Wausau"
"#MMM--TopJumpMenu","Back to Top"
"/3M/en_US/company-us/about-3m/","About 3M"
"/3M/en_US/careers-us/","3M Careers"
"https://investors.3m.com/","Investor Relations"
"/3M/en_US/company-us/partners-suppliers/","Customers and Suppliers"
"/3M/en_US/sustainability-us/","Sustainability"
"/3M/en_US/people-community/","People and Community"
"/3M/en_US/ethics-compliance/","Ethics & Compliance"
"https://news.3m.com/","News Center"
"https://news.3m.com/press-releases","Press Releases"
"/3M/en_US/company-us/SDS-search/","SDS, RDS, More Regulatory & Compliance Information"
"/3M/en_US/company-us/transport-information-search/","Transport Information Search"
"/3M/en_US/company-us/SDS-search/","CPSIA Certification Search"
"/3M/en_US/company-us/lithium-battery-test-summary-report-search/","Lithium Battery UN 38.3 Test Summary Search"
"/3M/en_US/company-us/battery-embedded-products/","Batteries and Battery Embedded Products"
"/3M/en_US/suppliers-direct/supplier-requirements/contract-provisions/","Transparency in Supply Chains and Modern Slavery Disclosures"
"/3M/en_US/company-us/product-ingredients/","US Ingredient Communication"
"/3M/en_US/consumer-us/consumer-recall/","Product Recalls"
"/3M/en_US/company-us/help-center/","Help Center"
"/3M/en_US/company-us/site-map/","Site Map"
"/3M/en_US/company-us/where-to-buy-3m-products/","Where to Buy"
"https://www.3M.com/",""
"/3M/en_US/company-us/legal-information/","Legal"
"/3M/en_US/company-us/privacy-policy/","Privacy"
"/3M/en_US/company-us/hipaa-privacy/","HIPAA Privacy"
"/3M/en_US/company-us/dmca-copyright-policy/","DMCA"
"/3M/en_US/company-us/accessibility-statement/","Accessibility Statement"
"#","Your Privacy Choices"
"#","Cookie Preferences"
"https://www.linkedin.com/company/3m",""
"https://www.youtube.com/c/3MCorporate",""
"https://www.facebook.com/3M",""
"https://www.instagram.com/3m/",""
